,name,album,artist,release_date,length,popularity,danceability,acousticness,energy,instrumentalness,liveness,loudness,speechiness,tempo,time_signature,cluster
2,All Too Well (10 Minute Version) (Taylor's Version) (From The Vault),Red (Taylor's Version),Taylor Swift,2021-11-12,10.2171,85,0.631,0.27399999999999997,0.518,0.0,0.08800000000000001,-8.771,0.0303,93.023,4,2
4,Awkward,Ctrl (Deluxe),SZA,2022-06-09,2.966666666666667,78,0.618,0.182,0.474,0.000122,0.10800000000000001,-12.097000000000001,0.0789,119.999,4,2
6,Evergreen (You Didn’t Deserve Me At All),Ivory,Omar Apollo,2022-04-08,3.6113333333333335,88,0.6970000000000001,0.598,0.336,0.00528,0.107,-10.395,0.0424,82.029,3,2
7,august,folklore,Taylor Swift,2020-07-24,4.365366666666667,87,0.532,0.5379999999999999,0.623,7.28e-05,0.0925,-9.208,0.0331,89.93700000000001,4,2
11,Rock and A Hard Place,Rock and A Hard Place,Bailey Zimmerman,2022-06-10,3.4589999999999996,84,0.5820000000000001,0.5770000000000001,0.568,0.0,0.105,-7.3,0.0275,121.991,3,2
12,Another Love,Long Way Down,Tom Odell,2013-09-17,4.072666666666667,73,0.445,0.695,0.537,1.6e-05,0.0941,-8.532,0.04,122.764,4,2
15,ALL MINE,WASTELAND,Brent Faiyaz,2022-07-08,3.601033333333333,81,0.617,0.428,0.37799999999999995,9.159999999999999e-05,0.11,-8.54,0.0315,141.967,4,2
17,Running Up That Hill (A Deal With God) - 2018 Remaster,Hounds of Love (2018 Remaster),Kate Bush,1985-09-16,5.013999999999999,87,0.625,0.659,0.5329999999999999,0.00266,0.0546,-11.902999999999999,0.0596,108.296,4,2
19,ARE WE STILL FRIENDS?,IGOR,"Tyler, The Creator",2019-05-17,4.424666666666667,82,0.21600000000000003,0.128,0.49700000000000005,2.39e-06,0.111,-8.025,0.0371,187.308,3,2
20,All Your'n,Country Squire,Tyler Childers,2019-08-02,3.638,78,0.585,0.408,0.55,3.97e-05,0.115,-7.3420000000000005,0.0255,78.176,4,2
24,See You Again (feat. Kali Uchis),Flower Boy,"Tyler, The Creator",2017-07-21,3.0064333333333333,85,0.5579999999999999,0.371,0.5589999999999999,7.49e-06,0.109,-9.222000000000001,0.0959,78.558,4,2
35,Al Final,Al Final,Chris Jonex,2022-08-26,2.2568166666666665,80,0.597,0.8440000000000001,0.358,0.0,0.114,-7.946000000000001,0.0277,109.96,4,2
39,Pink + White,Blonde,Frank Ocean,2016-08-20,3.075266666666667,85,0.545,0.667,0.545,5.479999999999999e-05,0.41700000000000004,-7.362,0.107,159.94,3,2
43,Left and Right (Feat. Jung Kook of BTS),Left and Right (Feat. Jung Kook of BTS),Charlie Puth,2022-06-24,2.574766666666666,93,0.8809999999999999,0.619,0.5920000000000001,1.32e-05,0.0901,-4.898,0.0324,101.05799999999999,4,2
50,Bad Habit,Bad Habit,Steve Lacy,2022-06-29,3.8685666666666663,93,0.6859999999999999,0.626,0.507,7.509999999999998e-05,0.38299999999999995,-7.097,0.0357,168.955,4,2
60,Bad Habit,Gemini Rights,Steve Lacy,2022-07-15,3.867766666666667,90,0.6859999999999999,0.613,0.494,5.7999999999999994e-05,0.402,-7.093,0.0355,168.946,4,2
61,Buy Dirt,Buy Dirt,Jordan Davis,2021-05-21,2.791333333333333,81,0.586,0.639,0.5589999999999999,0.0,0.0872,-6.725,0.05,177.945,4,2
63,Boyfriend,Boyfriend,Dove Cameron,2022-02-11,2.55,87,0.345,0.23199999999999998,0.612,0.0,0.19399999999999998,-6.542999999999999,0.0608,179.773,3,2
65,Something in the Orange,Something in the Orange,Zach Bryan,2022-04-22,3.8002166666666666,89,0.369,0.555,0.192,8.35e-06,0.0954,-12.151,0.04,175.21200000000002,3,2
70,Beautiful Crazy,This One's for You Too (Deluxe Edition),Luke Combs,2018-06-01,3.22,80,0.551,0.6759999999999999,0.402,0.0,0.0928,-7.431,0.0262,103.31299999999999,4,2
71,HONEST,DIE FOR MY BITCH,Baby Keem,2019-07-19,2.877866666666667,84,0.6759999999999999,0.40299999999999997,0.536,3.37e-05,0.105,-8.79,0.0432,79.03699999999999,4,2
74,TV,Guitar Songs,Billie Eilish,2022-07-21,4.689666666666667,85,0.41200000000000003,0.83,0.23600000000000002,0.006529999999999999,0.147,-15.159,0.0379,140.214,4,2
80,"Burn, Burn, Burn","Burn, Burn, Burn",Zach Bryan,2022-09-08,4.480933333333334,77,0.508,0.897,0.29600000000000004,5e-05,0.11,-10.513,0.0755,82.53200000000001,4,2
84,BEST INTEREST,BEST INTEREST,"Tyler, The Creator",2020-01-25,2.1320166666666664,80,0.596,0.0861,0.575,0.000153,0.33399999999999996,-8.325,0.0514,98.265,3,2
86,When I Was Your Man,Unorthodox Jukebox,Bruno Mars,2012-12-07,3.5637666666666665,87,0.612,0.932,0.28,0.0,0.08800000000000001,-8.648,0.0434,72.795,4,2
89,Happier Than Ever,Happier Than Ever,Billie Eilish,2021-07-30,4.98165,89,0.332,0.767,0.225,0.00349,0.128,-8.697000000000001,0.0348,81.055,3,2
109,The Color Violet,Alone At Prom,Tory Lanez,2021-12-10,3.7744333333333335,85,0.645,0.157,0.534,0.0,0.0863,-10.8,0.0479,105.02,4,2
110,Chasin' You,If I Know Me,Morgan Wallen,2018-04-27,3.4242166666666667,80,0.631,0.657,0.591,0.0,0.11,-5.785,0.0277,97.074,4,2
112,Tennessee Whiskey,Traveller,Chris Stapleton,2015-05-04,4.888216666666667,82,0.392,0.205,0.37,0.0096,0.0821,-10.888,0.0298,48.718,4,2
121,cardigan,folklore,Taylor Swift,2020-07-24,3.9926666666666666,83,0.613,0.537,0.581,0.00034500000000000004,0.25,-8.588,0.0424,130.033,4,2
122,Cover Me Up,Dangerous: The Double Album,Morgan Wallen,2021-01-08,4.8951,79,0.5489999999999999,0.23199999999999998,0.44,7.37e-06,0.107,-8.192,0.0264,128.01,3,2
125,Clouded,Fuck The World,Brent Faiyaz,2020-02-07,1.8354666666666664,81,0.583,0.774,0.344,0.0,0.14300000000000002,-8.765,0.0559,65.203,3,2
127,C U Girl,C U Girl,Steve Lacy,2015-02-15,2.1616166666666667,80,0.414,0.6629999999999999,0.473,0.0523,0.128,-8.911,0.11599999999999999,100.0,4,2
128,Creep,Pablo Honey,Radiohead,1993-02-22,3.977333333333333,86,0.515,0.0097,0.43,0.000133,0.129,-9.935,0.0372,91.844,4,2
130,Shut up My Moms Calling,Shut up My Moms Calling,Hotel Ugly,2020-02-10,2.74285,85,0.485,0.325,0.409,0.0,0.10300000000000001,-10.710999999999999,0.10099999999999999,138.41899999999998,4,2
144,Rockin' Around The Christmas Tree,Merry Christmas From Brenda Lee,Brenda Lee,1964-10-19,2.104433333333333,71,0.589,0.614,0.47200000000000003,0.0,0.505,-8.749,0.0502,67.196,4,2
145,Money,The Dark Side of the Moon,Pink Floyd,1973-03-01,6.380566666666668,74,0.46799999999999997,0.024,0.536,0.00199,0.26899999999999996,-10.422,0.14400000000000002,126.256,1,2
154,dumb dumb,dumb dumb,mazie,2021-07-08,2.0876,72,0.782,0.213,0.479,0.000362,0.0781,-8.385,0.0448,122.07,4,2
156,Romantic Homicide,Romantic Homicide,d4vd,2022-07-20,2.2105,93,0.5710000000000001,0.45299999999999996,0.544,0.00805,0.322,-10.613,0.0299,132.05200000000002,4,2
170,deja vu,SOUR,Olivia Rodrigo,2021-05-21,3.5917666666666666,88,0.442,0.584,0.612,5.7000000000000005e-06,0.37,-7.222,0.11199999999999999,180.917,4,2
176,SLOW DANCING IN THE DARK,BALLADS 1,Joji,2018-10-26,3.487883333333333,86,0.515,0.544,0.479,0.00598,0.191,-7.457999999999999,0.0261,88.964,4,2
180,drivers license,SOUR,Olivia Rodrigo,2021-05-21,4.03355,88,0.561,0.768,0.431,1.42e-05,0.106,-8.81,0.0578,143.875,4,2
182,We Don't Talk About Bruno,Encanto (Original Motion Picture Soundtrack),Lin-Manuel Miranda,2021-11-19,3.602,81,0.5770000000000001,0.35700000000000004,0.45,0.0,0.111,-8.516,0.0834,205.863,4,2
183,Daylight,Harry's House,Harry Styles,2022-05-20,2.7422166666666667,84,0.6859999999999999,0.484,0.445,0.00144,0.175,-7.189,0.0398,145.5,3,2
188,How Far I'll Go,Moana (Original Motion Picture Soundtrack/Deluxe Edition),Various Artists,2016-11-18,2.7231,74,0.5710000000000001,0.649,0.307,0.0,0.17800000000000002,-10.958,0.0499,83.72,4,2
193,This Is Halloween,Nightmare Before Christmas Special Edition,Various Artists,2006-01-01,3.2760000000000002,73,0.569,0.768,0.508,0.0,0.145,-12.823,0.0502,167.62400000000002,4,2
197,"Hakuna Matata - From ""The Lion King""/Soundtrack",The Lion King,Various Artists,1994-01-01,3.56,73,0.408,0.617,0.313,1.18e-05,0.115,-18.09,0.13699999999999998,170.013,4,2
205,Everybody Wants To Rule The World,Songs From The Big Chair (Super Deluxe Edition),Tears For Fears,1985-02-25,4.191466666666667,88,0.645,0.34700000000000003,0.795,0.00389,0.10400000000000001,-12.095,0.0527,112.06700000000001,4,2
208,Everybody Dies In Their Nightmares,17,XXXTENTACION,2017-08-25,1.5911,85,0.7340000000000001,0.847,0.57,2.14e-05,0.11199999999999999,-7.066,0.133,129.953,4,2
211,EARFQUAKE,IGOR,"Tyler, The Creator",2019-05-17,3.1677666666666666,82,0.5539999999999999,0.23,0.498,5.98e-06,0.795,-8.866,0.0685,79.635,4,2
226,Jugaste y Sufrí,Corta Venas,Eslabon Armado,2020-12-18,4.586566666666666,82,0.39,0.632,0.499,0.0004969999999999999,0.115,-7.778,0.0381,200.15599999999998,1,2
230,Está Dañada,Alma Vacía,Ivan Cornejo,2021-08-20,3.5691333333333333,77,0.405,0.38,0.565,0.0195,0.107,-9.266,0.0372,159.892,3,2
231,El Rescate,El Rescate,Grupo Marca Registrada,2022-07-22,2.6816166666666668,87,0.794,0.28300000000000003,0.594,0.000381,0.109,-8.698,0.139,99.238,3,2
238,Está Dañado,Dañado,Ivan Cornejo,2022-06-02,3.3532333333333333,75,0.578,0.501,0.45899999999999996,1.86e-05,0.14300000000000002,-11.937999999999999,0.040999999999999995,160.065,3,2
242,Exchange,T R A P S O U L,Bryson Tiller,2015-10-02,3.24355,79,0.525,0.107,0.433,0.0,0.135,-10.597999999999999,0.185,160.108,4,2
264,Feathered Indians,Purgatory,Tyler Childers,2017-08-04,3.7491,79,0.536,0.75,0.574,0.00277,0.105,-6.705,0.0254,87.194,4,2
270,favorite crime,SOUR,Olivia Rodrigo,2021-05-21,2.544433333333333,85,0.369,0.866,0.272,0.0,0.147,-10.497,0.0364,172.929,4,2
272,For the First Time,This Old Dog,Mac DeMarco,2017-05-05,3.0384333333333333,82,0.551,0.29600000000000004,0.529,0.0093,0.17800000000000002,-10.469000000000001,0.0517,75.515,4,2
273,Until I Found You,Until I Found You,Stephen Sanchez,2021-09-01,2.9619999999999997,90,0.539,0.727,0.508,0.0,0.174,-6.05,0.0288,101.35799999999999,3,2
284,Family Line,Superache,Conan Gray,2022-06-24,3.601566666666667,81,0.326,0.619,0.397,0.0,0.0979,-8.145,0.0461,153.713,3,2
290,Flower Shops (feat. Morgan Wallen),Flower Shops (feat. Morgan Wallen),ERNEST,2021-12-31,3.5734166666666667,75,0.527,0.11800000000000001,0.461,0.0,0.0831,-5.9079999999999995,0.0269,128.153,3,2
291,Falling,Fine Line,Harry Styles,2019-12-13,4.0022166666666665,85,0.5670000000000001,0.8390000000000001,0.267,1.46e-06,0.08900000000000001,-6.502000000000001,0.0299,110.01100000000001,4,2
294,Fingers Crossed,Fingers Crossed,Lauren Spencer Smith,2022-01-05,2.9224,82,0.56,0.618,0.473,0.0,0.31,-7.23,0.0533,109.414,4,2
297,Sparks,Parachutes,Coldplay,2000-07-10,3.784883333333333,87,0.371,0.748,0.268,0.0517,0.10400000000000001,-10.505999999999998,0.0281,102.617,3,2
300,Glimpse of Us,Glimpse of Us,Joji,2022-06-10,3.890933333333333,95,0.44,0.8909999999999999,0.317,4.78e-06,0.141,-9.258,0.0531,169.91400000000002,3,2
308,"GOD DID (feat. Rick Ross, Lil Wayne, Jay-Z, John Legend & Fridayy)",GOD DID,DJ Khaled,2022-08-26,8.3608,77,0.42,0.092,0.725,0.0,0.18,-4.262,0.223,77.941,1,2
309,Good Days,Good Days,SZA,2020-12-25,4.6534,83,0.436,0.499,0.655,8.1e-06,0.688,-8.37,0.0583,121.00200000000001,4,2
319,Get You (feat. Kali Uchis),Freudian,Daniel Caesar,2017-08-25,4.636316666666667,81,0.6579999999999999,0.42200000000000004,0.294,5.2000000000000004e-05,0.0749,-8.533,0.0321,74.038,4,2
336,"GONE, GONE / THANK YOU",IGOR,"Tyler, The Creator",2019-05-17,6.256433333333334,79,0.518,0.21600000000000003,0.49200000000000005,0.0012,0.146,-8.436,0.193,78.848,4,2
339,Good Looking,Good Looking,Suki Waterhouse,2017-10-20,3.58,81,0.377,0.0789,0.5579999999999999,0.000342,0.125,-9.076,0.0299,149.971,3,2
343,Girl With The Tattoo Enter.lewd,All I Want Is You,Miguel,2010-11-26,1.71355,78,0.37200000000000005,0.856,0.239,0.000175,0.168,-11.314,0.0296,113.45100000000001,4,2
345,Mr. Blue Sky,Out of the Blue,Electric Light Orchestra,1977,5.056216666666667,81,0.38799999999999996,0.652,0.33799999999999997,3.73e-06,0.248,-10.054,0.0329,177.765,4,2
349,Girls Need Love (with Drake) - Remix,Last Day Of Summer,Summer Walker,2018-10-19,3.7062333333333335,80,0.6559999999999999,0.44299999999999995,0.43200000000000005,0.0,0.132,-9.481,0.217,97.022,4,2
352,Hotel,Hotel,Montell Fish,2022-09-16,3.288883333333333,86,0.228,0.752,0.42700000000000005,0.0167,0.5920000000000001,-8.738999999999999,0.0363,180.345,4,2
355,Heat Waves,Dreamland,Glass Animals,2020-08-07,3.980083333333333,84,0.7609999999999999,0.44,0.525,6.7e-06,0.0921,-6.9,0.0944,80.87,4,2
361,Heather,Kid Krow,Conan Gray,2020-03-20,3.300666666666667,88,0.35700000000000004,0.584,0.425,0.0,0.322,-7.301,0.0333,102.07799999999999,3,2
366,Heading South,Heading South,Zach Bryan,2019-09-30,2.861533333333333,79,0.68,0.7829999999999999,0.24600000000000002,0.0,0.106,-14.112,0.057999999999999996,110.23,4,2
369,Hope,?,XXXTENTACION,2018-03-16,1.8481,86,0.5920000000000001,0.6609999999999999,0.457,0.000331,0.146,-6.081,0.0603,146.04,4,2
378,Heartbreak Anniversary,TAKE TIME,Giveon,2020-03-27,3.3061666666666665,85,0.449,0.524,0.465,1.02e-06,0.303,-8.964,0.0791,89.087,3,2
381,happier,SOUR,Olivia Rodrigo,2021-05-21,2.9322166666666667,86,0.395,0.765,0.44299999999999995,9.67e-06,0.0839,-9.72,0.133,168.924,3,2
382,Hey There Delilah,All That We Needed,Plain White T's,2005-01-01,3.87555,81,0.6559999999999999,0.872,0.29100000000000004,0.0,0.114,-10.572000000000001,0.0293,103.971,4,2
392,Headlines,Take Care (Deluxe),Drake,2011-11-15,3.9331,78,0.636,0.365,0.5660000000000001,0.00035299999999999996,0.0917,-7.16,0.106,151.894,4,2
405,I Love You So,I Love You So,The Walters,2014-11-28,2.67065,89,0.575,0.583,0.648,0.0,0.115,-4.891,0.0358,75.977,4,2
410,I Wanna Be Yours,AM,Arctic Monkeys,2013-09-09,3.065933333333333,92,0.46399999999999997,0.136,0.41700000000000004,0.022000000000000002,0.0974,-9.345,0.0256,67.528,4,2
413,I Wonder,Graduation,Kanye West,2007-09-11,4.057333333333333,82,0.542,0.141,0.466,0.00044500000000000003,0.125,-8.665,0.0831,191.385,4,2
419,Ivy,Blonde,Frank Ocean,2016-08-20,4.153183333333334,82,0.575,0.785,0.386,0.00028900000000000003,0.22899999999999998,-9.584,0.037000000000000005,116.40799999999999,4,2
422,I'm Not The Only One,In The Lonely Hour,Sam Smith,2014-05-26,3.9886,89,0.677,0.529,0.485,2.0399999999999998e-05,0.0766,-5.795,0.0361,82.001,4,2
424,Infrunami,The Lo-Fis,Steve Lacy,2020-12-04,2.9721333333333333,79,0.826,0.31,0.299,0.0952,0.0758,-7.721,0.0446,97.012,4,2
425,I See Red,I See Red,Everybody Loves an Outlaw,2018-10-31,3.84355,77,0.509,0.00713,0.44799999999999995,0.0137,0.244,-7.5520000000000005,0.0357,156.909,3,2
433,I Can't Handle Change,I Can't Handle Change,Roar,2010-03-14,3.30355,81,0.247,0.0447,0.43799999999999994,0.000867,0.111,-8.478,0.0358,185.71099999999998,3,2
436,I Hate U,I Hate U,SZA,2021-12-03,2.9,80,0.535,0.507,0.38799999999999996,0.0,0.11,-9.805,0.155,106.70299999999999,5,2
451,J.,Dañado,Ivan Cornejo,2022-06-02,3.9102166666666665,80,0.408,0.6659999999999999,0.47,5.44e-05,0.0926,-10.149,0.0893,51.66,4,2
455,JGL,JGL,La Adictiva,2022-02-18,2.634883333333333,86,0.7020000000000001,0.55,0.586,0.0,0.27,-5.317,0.11800000000000001,112.852,4,2
458,Jolene,Jolene,Dolly Parton,1974-02-04,2.6922166666666665,74,0.674,0.5660000000000001,0.537,0.0,0.131,-10.970999999999998,0.0363,110.57799999999999,4,2
463,Just the Two of Us (feat. Bill Withers),Anthology,"Grover Washington, Jr.",1985,7.3082166666666675,78,0.7490000000000001,0.41,0.49700000000000005,0.0499,0.0504,-12.609000000000002,0.105,95.818,4,2
468,July,THE END OF EVERYTHING,Noah Cyrus,2020-05-15,2.601766666666667,81,0.708,0.868,0.18600000000000003,0.0,0.0779,-8.953,0.042,72.541,4,2
473,Japanese Denim,Get You - Single,Daniel Caesar,2016-10-21,4.5141,79,0.7070000000000001,0.0905,0.23800000000000002,2.42e-06,0.0842,-8.818,0.0379,124.156,3,2
479,Don't Think Jesus,Don't Think Jesus,Morgan Wallen,2022-04-15,3.7829166666666665,76,0.578,0.469,0.431,0.0,0.13699999999999998,-7.034,0.0269,116.979,3,2
489,Jungle,If You're Reading This It's Too Late,Drake,2015-02-12,5.34,75,0.6970000000000001,0.62,0.235,0.000144,0.107,-8.651,0.0534,99.947,4,2
495,Lucid Dreams,Goodbye & Good Riddance,Juice WRLD,2018-12-10,3.99725,86,0.511,0.349,0.5660000000000001,0.0,0.34,-7.23,0.2,83.90299999999999,4,2
499,She Likes It (feat. Jake Scott),She Likes It (feat. Jake Scott),Russell Dickerson,2021-11-05,2.72185,77,0.79,0.509,0.325,0.0,0.155,-11.689,0.127,126.87700000000001,4,2
508,Keep Driving,Harry's House,Harry Styles,2022-05-20,2.33735,82,0.721,0.321,0.479,0.00156,0.182,-9.669,0.226,164.94799999999998,3,2
511,Kilby Girl,When We Were Friends,The Backseat Lovers,2019-01-27,4.703416666666667,78,0.32899999999999996,0.0578,0.444,0.0352,0.113,-9.972999999999999,0.0417,162.279,4,2
521,lovely (with Khalid),lovely (with Khalid),Billie Eilish,2018-04-19,3.3364166666666666,89,0.35100000000000003,0.934,0.29600000000000004,0.0,0.095,-10.109,0.0333,115.28399999999999,4,2
527,Kingston,Atlanta Millionaires Club,Faye Webster,2019-05-24,3.37755,75,0.73,0.154,0.355,0.00155,0.11699999999999999,-9.13,0.0359,142.143,4,2
535,Knee Deep (feat. Jimmy Buffett),You Get What You Give,Zac Brown Band,2010-09-20,3.386216666666667,74,0.715,0.43200000000000005,0.584,1.41e-06,0.095,-8.231,0.0296,90.99,4,2
538,Karma,Last Day Of Summer,Summer Walker,2018-10-19,3.148433333333333,76,0.593,0.345,0.294,2.0300000000000002e-05,0.287,-10.072000000000001,0.0499,113.84700000000001,4,2
549,PROVENZA,PROVENZA,KAROL G,2022-04-22,3.5033333333333334,94,0.87,0.6559999999999999,0.516,0.00823,0.11,-8.006,0.0541,111.005,4,2
560,La Curiosidad,Dañado,Ivan Cornejo,2022-06-02,3.6,79,0.626,0.7290000000000001,0.45399999999999996,0.000442,0.159,-8.767000000000001,0.0392,123.351,4,2
566,Lonely,Trouble,Akon,2006-01-01,3.9177666666666666,72,0.633,0.307,0.529,0.0,0.342,-7.85,0.0339,90.08,4,2
569,"Let It Go - From ""Frozen""/Soundtrack Version",Frozen (Original Motion Picture Soundtrack / Deluxe Edition),Various Artists,2013-01-01,3.7306666666666666,76,0.5429999999999999,0.5579999999999999,0.485,0.0,0.12,-6.85,0.0305,136.961,4,2
584,Lover,Lover,Taylor Swift,2019-08-23,3.688433333333333,86,0.359,0.49200000000000005,0.5429999999999999,1.58e-05,0.11800000000000001,-7.582000000000001,0.0919,68.53399999999999,4,2
589,Little Freak,Harry's House,Harry Styles,2022-05-20,3.3697166666666667,85,0.5589999999999999,0.7190000000000001,0.535,0.000143,0.0954,-7.723,0.039,141.96,4,2
611,Matilda,Harry's House,Harry Styles,2022-05-20,4.0994,87,0.507,0.8959999999999999,0.294,1.9699999999999998e-05,0.0966,-10.0,0.04,114.199,4,2
636,mirrorball,folklore,Taylor Swift,2020-07-24,3.48295,77,0.5529999999999999,0.687,0.413,2.33e-06,0.0594,-10.037,0.0334,110.10700000000001,4,2
645,My Girl,The Temptations Sing Smokey,The Temptations,1965-03-22,2.75,80,0.5720000000000001,0.635,0.418,0.0,0.0961,-10.738,0.0349,104.566,4,2
677,Nights,Blonde,Frank Ocean,2016-08-20,5.119183333333333,81,0.457,0.42700000000000005,0.551,1.15e-06,0.113,-9.36,0.16699999999999998,89.87,4,2
681,Next Thing You Know,Next Thing You Know,Jordan Davis,2022-08-12,2.920616666666666,75,0.557,0.6459999999999999,0.597,0.0,0.0974,-8.296,0.048,78.52600000000001,4,2
682,No Wind Resistance!,DMZ,Kinneret,2019-06-28,3.315366666666667,76,0.695,0.23399999999999999,0.496,0.00625,0.11599999999999999,-12.199000000000002,0.0659,139.849,4,2
683,Night Changes,FOUR (Deluxe),One Direction,2014-11-17,3.776666666666667,88,0.672,0.8590000000000001,0.52,0.0,0.115,-7.747000000000001,0.0353,120.001,4,2
687,The Night We Met,Strange Trails,Lord Huron,2015-04-07,3.4701833333333334,79,0.545,0.9690000000000001,0.366,0.267,0.6409999999999999,-9.51,0.0378,86.99700000000001,3,2
688,Neon Moon,#1s ... and then some,Brooks & Dunn,2009-09-08,4.396,73,0.698,0.5539999999999999,0.632,0.0,0.11800000000000001,-6.507999999999999,0.0247,102.40799999999999,4,2
705,Otro Atardecer,Un Verano Sin Ti,Bad Bunny,2022-05-06,4.074066666666667,86,0.777,0.59,0.595,0.00139,0.0669,-6.79,0.0375,108.02,4,2
707,"Or Nah (feat. The Weeknd, Wiz Khalifa & DJ Mustard) - Remix","Or Nah (feat. The Weeknd, Wiz Khalifa & DJ Mustard) [Remix]",Ty Dolla $ign,2014-06-10,4.049716666666667,80,0.805,0.22,0.33,0.0,0.105,-8.712,0.1,121.97,4,2
710,Ophelia,Cleopatra,The Lumineers,2016-04-08,2.668283333333333,77,0.664,0.613,0.573,0.000363,0.0857,-6.519,0.0277,76.023,4,2
713,Wasted On You,Dangerous: The Double Album,Morgan Wallen,2021-01-08,2.9753333333333334,83,0.505,0.373,0.657,0.00107,0.126,-5.24,0.0318,196.0,3,2
728,ocean eyes,dont smile at me,Billie Eilish,2017-12-22,3.33965,81,0.511,0.816,0.363,0.0317,0.084,-7.65,0.040999999999999995,144.892,4,2
730,One More Hour,The Slow Rush,Tame Impala,2020-02-14,7.2093333333333325,81,0.647,0.10800000000000001,0.39799999999999996,0.107,0.14800000000000002,-8.63,0.0283,102.029,4,2
738,One Man Band,Old Dominion,Old Dominion,2019-10-25,3.1039999999999996,75,0.706,0.677,0.358,0.0,0.107,-8.331,0.0347,75.991,4,2
742,Ocean,OCEAN,KAROL G,2019-05-03,2.5991,72,0.727,0.9329999999999999,0.48200000000000004,0.0,0.38799999999999996,-6.193,0.115,74.93,4,2
745,Oh Klahoma,Pop Food,Jack Stauber,2017-03-25,3.08705,76,0.6970000000000001,0.43,0.401,0.0109,0.316,-10.216000000000001,0.0543,108.99600000000001,4,2
770,Pursuit Of Happiness (Nightmare),Man On The Moon: The End Of Day,Kid Cudi,2009-09-15,4.92155,75,0.63,0.484,0.605,9.290000000000001e-05,0.298,-8.951,0.0414,115.277,4,2
771,Passionfruit,More Life,Drake,2017-03-18,4.982333333333333,84,0.809,0.256,0.46299999999999997,0.085,0.109,-11.377,0.0396,111.98,4,2
778,Pluto Projector,Pony,Rex Orange County,2019-10-25,4.458666666666667,82,0.379,0.7070000000000001,0.21899999999999997,0.000691,0.11800000000000001,-11.196,0.0307,79.786,4,2
780,Pool House,When We Were Friends,The Backseat Lovers,2019-01-27,4.490183333333333,73,0.594,0.0478,0.355,0.000109,0.0559,-11.184000000000001,0.0305,134.097,4,2
783,Pass The Dutchie,Anthology,Musical Youth,1994-02-28,3.423766666666667,79,0.805,0.45899999999999996,0.418,0.0,0.28800000000000003,-14.374,0.0979,149.724,4,2
806,Que Te Vaya Bien,Que Te Vaya Bien,Julión Álvarez y su Norteño Banda,2022-08-19,2.52955,83,0.665,0.23,0.469,0.0,0.23399999999999999,-5.809,0.027999999999999997,97.97200000000001,3,2
813,QUE DIABLOS HICE (INTERLUDE),NOSTALGIA,Eslabon Armado,2022-05-06,1.7858833333333333,72,0.774,0.9640000000000001,0.331,4.61e-05,0.607,-9.533999999999999,0.0422,122.949,4,2
833,Bohemian Rhapsody - Remastered 2011,A Night At The Opera (Deluxe Remastered Version),Queen,1975-11-21,5.905333333333332,74,0.392,0.28800000000000003,0.402,0.0,0.243,-9.961,0.0536,143.88299999999998,4,2
845,Que Esta Pasando,Que Esta Pasando,Fuerza Regida,2021-04-30,2.7079166666666667,71,0.5660000000000001,0.579,0.7090000000000001,0.0,0.14,-2.86,0.0455,104.971,1,2
846,Que Triste,Que Triste,Piso 21,2022-09-15,3.7723166666666663,73,0.7240000000000001,0.508,0.588,0.0,0.342,-5.3420000000000005,0.131,144.977,3,2
847,No Me Quise Ir,Dañado,Ivan Cornejo,2022-06-02,3.5057666666666667,71,0.342,0.0101,0.46299999999999997,0.000712,0.12,-11.716,0.0354,85.05,4,2
848,Que Cojones,Que Cojones,Eladio Carrion,2022-08-03,2.6885166666666667,73,0.382,0.45899999999999996,0.618,0.0,0.128,-7.2010000000000005,0.0942,183.06099999999998,4,2
855,Revenge,17,XXXTENTACION,2017-08-25,2.000433333333333,88,0.746,0.782,0.251,0.00203,0.106,-16.169,0.259,139.999,4,2
869,rises the moon,recently,Liana Flores,2019-04-10,2.698816666666666,81,0.483,0.9470000000000001,0.129,0.145,0.106,-20.149,0.0349,137.35,3,2
887,Rosyln,The Twilight Saga: New Moon (Original Motion Picture Soundtrack),Various Artists,2009-10-09,4.8260000000000005,78,0.32899999999999996,0.971,0.27699999999999997,0.024,0.0971,-13.110999999999999,0.0302,159.719,3,2
895,"Rocket Man (I Think It's Going To Be A Long, Long Time)",Honky Chateau,Elton John,1972-05-19,4.69355,82,0.601,0.43200000000000005,0.532,6.25e-06,0.0925,-9.119,0.0286,136.571,4,2
922,Stick Season,Stick Season,Noah Kahan,2022-07-08,3.0391,82,0.664,0.799,0.5,0.0,0.0966,-6.935,0.0651,117.896,4,2
932,Man! I Feel Like A Woman!,Come On Over,Shania Twain,1997-11-04,3.9082166666666662,79,0.657,0.581,0.639,0.0,0.278,-7.527,0.0412,124.882,4,2
945,Sand In My Boots,Dangerous: The Double Album,Morgan Wallen,2021-01-08,3.368883333333333,79,0.40299999999999997,0.59,0.537,0.0,0.11199999999999999,-6.627999999999999,0.031,69.877,4,2
963,Tennessee Orange,Tennessee Orange,Megan Moroney,2022-09-02,3.71865,78,0.38,0.126,0.488,7.23e-06,0.115,-6.6370000000000005,0.028999999999999998,156.031,3,2
964,traitor,SOUR,Olivia Rodrigo,2021-05-21,3.820433333333333,89,0.38,0.691,0.33899999999999997,0.0,0.12,-7.885,0.0338,100.60700000000001,4,2
992,"Take Me Home, Country Roads","Poems, Prayers and Promises",John Denver,1971,3.1693333333333333,74,0.462,0.758,0.395,0.0,0.121,-9.376,0.0264,82.259,4,2
1010,Un Verano Sin Ti,Un Verano Sin Ti,Bad Bunny,2022-05-06,2.46905,85,0.503,0.693,0.496,0.0,0.12300000000000001,-9.123,0.0556,187.84400000000002,4,2
1011,Until I Found You (with Em Beihold) - Em Beihold Version,Until I Found You (Em Beihold Version),Stephen Sanchez,2022-04-22,2.9406666666666665,81,0.551,0.777,0.55,0.0,0.20199999999999999,-5.3389999999999995,0.0286,101.19,3,2
1012,Under the Bridge,Blood Sugar Sex Magik (Deluxe Edition),Red Hot Chili Peppers,1991-09-24,4.4051,83,0.5589999999999999,0.0576,0.345,0.000105,0.141,-13.495999999999999,0.0459,84.581,4,2
1025,Ugly,High Tide in the Snake's Nest,$uicideboy$,2015-06-15,2.5836,71,0.531,0.00425,0.469,0.0116,0.326,-8.787,0.13699999999999998,185.738,3,2
1057,Vienna,The Stranger (Legacy Edition),Billy Joel,1977,3.570666666666667,79,0.532,0.659,0.495,0.0,0.0754,-6.662000000000001,0.0343,124.936,4,2
1065,Video Games,Born To Die - The Paradise Edition,Lana Del Rey,2012-11-12,4.699333333333334,71,0.23600000000000002,0.8109999999999999,0.249,1e-06,0.087,-9.595,0.0348,72.847,5,2
1085,"Valerie - Live At BBC Radio 1 Live Lounge, London / 2007",Back To Black (Deluxe Edition),Amy Winehouse,2006,3.89555,76,0.772,0.7440000000000001,0.371,0.0,0.16699999999999998,-5.742999999999999,0.0348,96.574,4,2
1086,Vista Al Mar,Vista Al Mar,Quevedo,2022-09-09,3.0112,90,0.759,0.8029999999999999,0.561,0.121,0.10099999999999999,-5.643,0.131,104.915,4,2
1117,Wheels on the Bus,"CoComelon Kids Hits, Vol. 1",Cocomelon,2019-11-26,3.4556666666666667,72,0.941,0.184,0.387,2.8800000000000002e-05,0.157,-11.92,0.0427,125.021,4,2
1122,Where Is My Mind?,Death to the Pixies,Pixies,1997-10-06,3.820433333333333,78,0.513,0.00731,0.442,0.0008380000000000001,0.0878,-13.529000000000002,0.0343,81.20100000000001,4,2
1130,wait in the truck (feat. Lainey Wilson),wait in the truck (feat. Lainey Wilson),HARDY,2022-08-26,4.62765,76,0.534,0.27699999999999997,0.466,0.0,0.0979,-6.98,0.0272,140.0,4,2
1144,WASTE,DISORDER,Kxllswxtch,2021-10-29,2.007133333333333,75,0.627,0.8590000000000001,0.12300000000000001,0.00105,0.149,-14.411,0.0316,131.88299999999998,4,2
1145,Wagon Wheel,True Believers,Darius Rucker,2013-01-01,4.972883333333334,79,0.537,0.455,0.66,0.0,0.135,-7.1739999999999995,0.0296,148.096,4,2
1163,xanny,"WHEN WE ALL FALL ASLEEP, WHERE DO WE GO?",Billie Eilish,2019-03-29,4.062083333333334,74,0.521,0.7509999999999999,0.125,0.00207,0.265,-17.832,0.239,111.554,4,2
1165,Moonlight,?,XXXTENTACION,2018-03-16,2.2515,83,0.9209999999999999,0.556,0.537,0.00404,0.102,-5.723,0.0804,128.009,4,2
1179,XO,XO,John Mayer,2014-05-27,3.560433333333333,71,0.431,0.7490000000000001,0.377,0.0,0.21100000000000002,-9.753,0.0288,173.67,4,2
1184,changes,?,XXXTENTACION,2018-03-16,2.031433333333333,80,0.669,0.883,0.308,0.0,0.0984,-10.068,0.028999999999999998,64.934,4,2
1185,I Don't Wanna Do This Anymore,Revenge,XXXTENTACION,2017-05-16,1.4593333333333334,78,0.433,0.843,0.778,0.0,0.139,-7.681,0.040999999999999995,114.208,4,2
1186,the remedy for a broken heart (why am I so in love),?,XXXTENTACION,2018-03-16,2.6697333333333333,80,0.6990000000000001,0.779,0.304,0.000993,0.13699999999999998,-11.192,0.0993,119.705,4,2
1194,X20X,FELIZ CUMPLEAÑOS FERXXO TE PIRATEAMOS EL ÁLBUM,Feid,2022-09-14,1.7206666666666666,75,0.461,0.7020000000000001,0.358,0.0,0.135,-6.051,0.0868,81.219,4,2
1207,Yebba’s Heartbreak,Certified Lover Boy,Drake,2021-09-03,2.2293666666666665,80,0.47600000000000003,0.9670000000000001,0.161,0.0381,0.109,-11.665,0.0407,119.61399999999999,4,2
1215,Young And Beautiful,Young And Beautiful,Lana Del Rey,2013-01-01,3.9342166666666665,84,0.324,0.262,0.41600000000000004,3.69e-05,0.11,-8.92,0.0368,113.986,4,2
1221,You Should Probably Leave,Starting Over,Chris Stapleton,2020-11-13,3.5582166666666666,78,0.602,0.268,0.47700000000000004,3.1e-05,0.17300000000000001,-8.425,0.032,183.89,4,2
1231,Ya Supérame (En Vivo),Ya Supérame (En Vivo),Grupo Firme,2021-08-13,3.1508333333333334,81,0.436,0.46299999999999997,0.4,0.0,0.76,-6.521,0.11,75.57600000000001,3,2
1234,you broke me first,you broke me first,Tate McRae,2020-04-17,2.821083333333333,84,0.667,0.785,0.373,0.0,0.0906,-9.389,0.05,124.148,4,2
1236,YEAH RIGHT,BALLADS 1,Joji,2018-10-26,2.90595,81,0.672,0.619,0.588,0.24100000000000002,0.0992,-9.573,0.133,169.033,4,2
1291,Something in the Orange - Z&E's Version,American Heartbreak,Zach Bryan,2022-05-20,4.237633333333333,71,0.594,0.41600000000000004,0.382,0.0,0.11699999999999999,-5.432,0.0292,110.23700000000001,4,2
1303,Substance,The Wolf of Grape Street,03 Greedo,2018-03-09,3.6639,79,0.599,0.26,0.32,0.0,0.106,-13.716,0.0787,70.998,4,2
1319,4:00A.M.,MIGNONNE (Mastered by Bernie Grundman),Taeko Onuki,1978-09-21,5.6160000000000005,71,0.631,0.341,0.644,0.000411,0.0877,-10.81,0.0348,103.376,4,2
1354,1-800-273-8255,Everybody,Logic,2017-05-05,4.16955,78,0.62,0.569,0.574,0.0,0.19,-7.787999999999999,0.0479,100.023,4,2
1362,"1 step forward, 3 steps back",SOUR,Olivia Rodrigo,2021-05-21,2.726433333333333,80,0.473,0.941,0.203,0.0,0.126,-12.627,0.102,168.88400000000001,4,2
1372,1004 Kilómetros,Jimmy Humilde Presenta Lo Mejor De Las Calles Edición Mexico,Jimmy Humilde,2020-04-03,4.61945,74,0.6509999999999999,0.6709999999999999,0.5670000000000001,0.000373,0.126,-6.477,0.0301,96.845,4,2
1385,1950,1950,King Princess,2018-02-23,3.7522166666666665,73,0.6,0.648,0.535,4.7e-06,0.162,-7.042999999999999,0.107,71.91199999999999,4,2
1422,2AM,Ctrl (Deluxe),SZA,2022-06-09,4.04705,73,0.504,0.43799999999999994,0.267,0.0,0.141,-13.677999999999999,0.406,83.96600000000001,4,2
1440,200 COPAS,KG0516,KAROL G,2021-03-26,3.620216666666667,79,0.515,0.767,0.7040000000000001,0.0,0.415,-5.25,0.20600000000000002,91.24600000000001,3,2
1442,Talking to the Moon,Doo-Wops & Hooligans,Bruno Mars,2010-10-05,3.6311,83,0.498,0.511,0.59,0.0,0.107,-4.721,0.032,145.86700000000002,4,2
1458,The 30th,Guitar Songs,Billie Eilish,2022-07-21,3.607466666666667,82,0.387,0.929,0.135,0.0,0.0948,-14.398,0.051,82.98700000000001,4,2
1462,3:15 (Breathe),3:15 (Breathe),Russ,2021-05-21,3.066666666666667,75,0.451,0.591,0.627,0.00958,0.11800000000000001,-4.59,0.127,74.69,4,2
1481,Session 32,Session 32,Summer Walker,2018-04-05,1.6337666666666666,74,0.574,0.894,0.12300000000000001,0.0011099999999999999,0.11800000000000001,-13.959000000000001,0.196,115.431,3,2
1546,FourFiveSeconds,FourFiveSeconds,Rihanna,2015-01-24,3.1373,78,0.5820000000000001,0.875,0.272,0.0,0.13,-5.662000000000001,0.0501,205.84599999999998,4,2
1564,Memories,JORDI (Deluxe),Maroon 5,2021-06-11,3.1581,86,0.775,0.841,0.327,0.0,0.0821,-7.2410000000000005,0.0557,91.05,4,2
1616,Morning Sex,Morning Sex,Ralph Castelli,2019-06-07,2.921866666666667,76,0.81,0.0473,0.353,0.00010400000000000001,0.08199999999999999,-9.536,0.0437,124.991,4,2
1617,Calling My Phone,Destined 2 Win,Lil Tjay,2021-04-02,3.4243,82,0.907,0.451,0.39299999999999996,1.35e-06,0.135,-7.636,0.0539,104.949,4,2
1628,Sex & Candy,Marcy Playground,Marcy Playground,1997-01-01,2.89155,72,0.67,0.23800000000000002,0.5579999999999999,0.0,0.106,-9.158999999999999,0.0251,80.51100000000001,4,2
1673,seven,folklore,Taylor Swift,2020-07-24,3.4817666666666667,72,0.596,0.9,0.488,2.7000000000000002e-05,0.091,-10.769,0.0274,94.926,4,2
1700,865,Dangerous: The Double Album,Morgan Wallen,2021-01-08,3.178,74,0.532,0.723,0.584,0.0,0.10099999999999999,-5.254,0.0248,88.00299999999999,4,2
1704,8,"WHEN WE ALL FALL ASLEEP, WHERE DO WE GO?",Billie Eilish,2019-03-29,2.886683333333333,71,0.735,0.698,0.235,0.00604,0.107,-13.239,0.315,62.446000000000005,4,2
1710,Hex,Hex,80purppp,2018-03-12,2.0370166666666667,79,0.845,0.872,0.39799999999999996,0.00713,0.159,-15.780999999999999,0.268,109.99600000000001,4,2
1711,8 Letters,8 Letters,Why Don't We,2018-08-31,3.1671,75,0.607,0.649,0.478,0.0,0.0928,-5.702000000000001,0.031,88.979,4,2
1722,Africa,Toto IV,TOTO,1982-04-08,4.93155,84,0.6709999999999999,0.257,0.373,8.01e-05,0.0481,-18.064,0.0323,92.71799999999999,4,2
1730,Every Breath You Take,Synchronicity (Remastered 2003),The Police,1983-06-17,4.232,87,0.82,0.5429999999999999,0.452,0.00294,0.0714,-9.796,0.0348,117.40100000000001,4,2
1735,Tainted Love,Non-Stop Erotic Cabaret,Soft Cell,1981,2.563333333333333,80,0.5,0.462,0.501,0.0,0.26,-8.283999999999999,0.0376,144.438,4,2
1738,Midsummer Madness,Head In The Clouds,88rising,2018-07-20,4.6806833333333335,72,0.409,0.359,0.6779999999999999,4.76e-06,0.16699999999999998,-7.731,0.0878,89.96799999999999,4,2
1749,Maniac,Flashdance (Original Soundtrack From The Motion Picture),Various Artists,1983-04-11,4.078433333333333,78,0.617,0.0891,0.5329999999999999,4.04e-06,0.0415,-11.515999999999998,0.0651,158.86,4,2
1768,Ya No Somos Ni Seremos,Ya No Somos Ni Seremos,Christian Nodal,2022-02-18,3.0953666666666666,84,0.588,0.43700000000000006,0.452,0.0,0.344,-4.75,0.0268,139.953,4,2
1770,NI BIEN NI MAL,X 100PRE,Bad Bunny,2018-12-23,3.936916666666667,76,0.826,0.556,0.449,1.85e-05,0.273,-8.33,0.0674,128.028,4,2
1784,90x180,90x180,Eno,2022-09-23,2.5712166666666665,71,0.8220000000000001,0.48,0.564,0.00572,0.129,-10.725999999999999,0.0931,139.982,4,2
1792,Ni Diablo Ni Santo,Ni Diablo Ni Santo,Julión Álvarez y su Norteño Banda,2017-05-26,2.5933333333333333,74,0.833,0.439,0.608,0.0,0.29600000000000004,-4.803999999999999,0.0824,120.01,3,2
